Date,Overall AQI Value,Main Pollutant,Site Name (of Overall AQI),Site ID (of Overall AQI),Source (of Overall AQI),CO,Ozone,PM10,PM25,
01/01/2023,31,PM2.5,City of Burlington Parking Lot,50-007-0014,AQS,0,26,.,31,
02/01/2023,44,PM2.5,City of Burlington Parking Lot,50-007-0014,AQS,0,39,.,44,
03/01/2023,44,Ozone,PROCTOR MAPLE RESEARCH CTR,50-007-0007,AQS,0,44,2,26,
04/01/2023,54,Ozone,PROCTOR MAPLE RESEARCH CTR,50-007-0007,AQS,0,54,.,37,
05/01/2023,43,Ozone,PROCTOR MAPLE RESEARCH CTR,50-007-0007,AQS,0,43,.,13,
06/01/2023,61,PM2.5,City of Burlington Parking Lot,50-007-0014,AQS,0,61,.,61,
07/01/2023,152,PM2.5,City of Burlington Parking Lot,50-007-0014,AQS,5,90,.,152,
08/01/2023,27,Ozone,PROCTOR MAPLE RESEARCH CTR,50-007-0007,AQS,0,27,3,19,
09/01/2023,32,PM2.5,City of Burlington Parking Lot,50-007-0014,AQS,0,27,.,32,
10/01/2023,72,PM2.5,City of Burlington Parking Lot,50-007-0014,AQS,1,34,.,72,
11/01/2023,30,PM2.5,City of Burlington Parking Lot,50-007-0014,AQS,0,25,.,30,
12/01/2023,57,PM2.5,City of Burlington Parking Lot,50-007-0014,AQS,.,38,7,57,
01/02/2023,41,PM2.5,City of Burlington Parking Lot,50-007-0014,AQS,0,30,.,41,
02/02/2023,54,PM2.5,City of Burlington Parking Lot,50-007-0014,AQS,0,41,6,54,
03/02/2023,41,PM2.5,City of Burlington Parking Lot,50-007-0014,AQS,0,39,.,41,
04/02/2023,46,Ozone,PROCTOR MAPLE RESEARCH CTR,50-007-0007,AQS,0,46,.,24,
05/02/2023,36,Ozone,PROCTOR MAPLE RESEARCH CTR,50-007-0007,AQS,0,36,.,18,
06/02/2023,74,Ozone,PROCTOR MAPLE RESEARCH CTR,50-007-0007,AQS,0,74,19,65,
07/02/2023,81,PM2.5,City of Burlington Parking Lot,50-007-0014,AQS,5,46,19,81,
08/02/2023,28,Ozone,PROCTOR MAPLE RESEARCH CTR,50-007-0007,AQS,0,28,.,24,
09/02/2023,38,PM2.5,City of Burlington Parking Lot,50-007-0014,AQS,0,34,.,38,
10/02/2023,55,PM2.5,City of Burlington Parking Lot,50-007-0014,AQS,0,32,.,55,
11/02/2023,31,Ozone,PROCTOR MAPLE RESEARCH CTR,50-007-0007,AQS,0,31,3,22,
12/02/2023,66,PM2.5,City of Burlington Parking Lot,50-007-0014,AQS,.,28,6,66,
01/03/2023,52,PM2.5,City of Burlington Parking Lot,50-007-0014,AQS,0,27,3,52,
02/03/2023,0,CO,PROCTOR MAPLE RESEARCH CTR,50-007-0007,AQS,0,.,.,.,
03/03/2023,44,Ozone,PROCTOR MAPLE RESEARCH CTR,50-007-0007,AQS,0,44,.,38,
04/03/2023,54,Ozone,PROCTOR MAPLE RESEARCH CTR,50-007-0007,AQS,0,54,6,29,
05/03/2023,15,PM2.5,City of Burlington Parking Lot,50-007-0014,AQS,0,.,0,15,
06/03/2023,38,PM2.5,PROCTOR MAPLE RESEARCH CTR,50-007-0007,AQS,0,33,.,38,
07/03/2023,37,PM2.5,City of Burlington Parking Lot,50-007-0014,AQS,2,28,.,37,
08/03/2023,52,PM2.5,PROCTOR MAPLE RESEARCH CTR,50-007-0007,AQS,1,47,.,52,
09/03/2023,52,PM2.5,City of Burlington Parking Lot,50-007-0014,AQS,0,40,15,52,
10/03/2023,51,PM2.5,City of Burlington Parking Lot,50-007-0014,AQS,0,43,12,51,
11/03/2023,42,Ozone,PROCTOR MAPLE RESEARCH CTR,50-007-0007,AQS,0,42,.,32,
12/03/2023,52,PM2.5,City of Burlington Parking Lot,50-007-0014,AQS,.,28,.,52,
01/04/2023,56,PM2.5,City of Burlington Parking Lot,50-007-0014,AQS,0,23,.,56,
02/04/2023,0,CO,PROCTOR MAPLE RESEARCH CTR,50-007-0007,AQS,0,.,.,.,
03/04/2023,44,Ozone,PROCTOR MAPLE RESEARCH CTR,50-007-0007,AQS,0,44,2,31,
04/04/2023,44,Ozone,PROCTOR MAPLE RESEARCH CTR,50-007-0007,AQS,0,44,.,32,
05/04/2023,18,PM2.5,City of Burlington Parking Lot,50-007-0014,AQS,0,.,.,18,
06/04/2023,29,PM2.5,City of Burlington Parking Lot,50-007-0014,AQS,0,26,.,29,
07/04/2023,54,PM2.5,PROCTOR MAPLE RESEARCH CTR,50-007-0007,AQS,2,39,.,54,
08/04/2023,46,PM2.5,PROCTOR MAPLE RESEARCH CTR,50-007-0007,AQS,0,46,9,46,
09/04/2023,57,PM2.5,City of Burlington Parking Lot,50-007-0014,AQS,1,44,.,57,
10/04/2023,52,PM2.5,City of Burlington Parking Lot,50-007-0014,AQS,0,48,.,52,
11/04/2023,53,PM2.5,City of Burlington Parking Lot,50-007-0014,AQS,0,35,.,53,
12/04/2023,30,Ozone,PROCTOR MAPLE RESEARCH CTR,50-007-0007,AQS,.,30,.,23,
01/05/2023,30,PM2.5,City of Burlington Parking Lot,50-007-0014,AQS,0,25,.,30,
02/05/2023,49,PM2.5,City of Burlington Parking Lot,50-007-0014,AQS,0,39,6,49,
03/05/2023,54,PM2.5,City of Burlington Parking Lot,50-007-0014,AQS,0,44,.,54,
04/05/2023,42,Ozone,PROCTOR MAPLE RESEARCH CTR,50-007-0007,AQS,0,42,.,32,
05/05/2023,35,Ozone,PROCTOR MAPLE RESEARCH CTR,50-007-0007,AQS,0,35,.,30,
06/05/2023,72,PM2.5,City of Burlington Parking Lot,50-007-0014,AQS,0,41,12,72,
07/05/2023,58,PM2.5,PROCTOR MAPLE RESEARCH CTR,50-007-0007,AQS,1,32,18,58,
08/05/2023,55,PM2.5,City of Burlington Parking Lot,50-007-0014,AQS,1,31,.,55,
09/05/2023,59,PM2.5,City of Burlington Parking Lot,50-007-0014,AQS,1,34,.,59,
10/05/2023,53,PM2.5,City of Burlington Parking Lot,50-007-0014,AQS,0,51,.,53,
11/05/2023,47,PM2.5,City of Burlington Parking Lot,50-007-0014,AQS,0,30,7,47,
12/05/2023,31,Ozone,PROCTOR MAPLE RESEARCH CTR,50-007-0007,AQS,.,31,3,28,
01/06/2023,39,PM2.5,City of Burlington Parking Lot,50-007-0014,AQS,0,26,1,39,
02/06/2023,57,PM2.5,City of Burlington Parking Lot,50-007-0014,AQS,0,36,.,57,
03/06/2023,44,Ozone,PROCTOR MAPLE RESEARCH CTR,50-007-0007,AQS,0,44,.,21,
04/06/2023,48,Ozone,PROCTOR MAPLE RESEARCH CTR,50-007-0007,AQS,0,48,5,33,
05/06/2023,42,Ozone,PROCTOR MAPLE RESEARCH CTR,50-007-0007,AQS,0,42,4,29,
06/06/2023,104,PM2.5,City of Burlington Parking Lot,50-007-0014,AQS,1,32,.,104,
07/06/2023,60,PM2.5,PROCTOR MAPLE RESEARCH CTR,50-007-0007,AQS,0,42,.,60,
08/06/2023,52,PM2.5,City of Burlington Parking Lot,50-007-0014,AQS,0,28,.,52,
09/06/2023,58,PM2.5,City of Burlington Parking Lot,50-007-0014,AQS,0,35,19,58,
10/06/2023,40,Ozone,PROCTOR MAPLE RESEARCH CTR,50-007-0007,AQS,0,40,6,29,
11/06/2023,34,Ozone,PROCTOR MAPLE RESEARCH CTR,50-007-0007,AQS,0,34,.,31,
12/06/2023,49,PM2.5,City of Burlington Parking Lot,50-007-0014,AQS,.,33,.,49,
01/07/2023,34,Ozone,PROCTOR MAPLE RESEARCH CTR,50-007-0007,AQS,0,34,.,22,
02/07/2023,53,PM2.5,City of Burlington Parking Lot,50-007-0014,AQS,0,44,.,53,
03/07/2023,41,Ozone,PROCTOR MAPLE RESEARCH CTR,50-007-0007,AQS,0,41,1,20,
04/07/2023,45,Ozone,PROCTOR MAPLE RESEARCH CTR,50-007-0007,AQS,0,45,.,25,
05/07/2023,41,Ozone,PROCTOR MAPLE RESEARCH CTR,50-007-0007,AQS,0,41,.,27,
06/07/2023,71,PM2.5,City of Burlington Parking Lot,50-007-0014,AQS,0,24,.,71,
07/07/2023,52,PM2.5,PROCTOR MAPLE RESEARCH CTR,50-007-0007,AQS,0,41,.,52,
08/07/2023,42,PM2.5,City of Burlington Parking Lot,50-007-0014,AQS,1,.,6,42,
09/07/2023,53,PM2.5,City of Burlington Parking Lot,50-007-0014,AQS,0,36,.,53,
10/07/2023,38,Ozone,PROCTOR MAPLE RESEARCH CTR,50-007-0007,AQS,0,38,.,20,
11/07/2023,45,PM2.5,City of Burlington Parking Lot,50-007-0014,AQS,0,37,.,45,
12/07/2023,52,PM2.5,City of Burlington Parking Lot,50-007-0014,AQS,.,32,.,52,
01/08/2023,34,Ozone,PROCTOR MAPLE RESEARCH CTR,50-007-0007,AQS,0,34,.,26,
02/08/2023,48,PM2.5,City of Burlington Parking Lot,50-007-0014,AQS,0,40,4,48,
03/08/2023,39,Ozone,PROCTOR MAPLE RESEARCH CTR,50-007-0007,AQS,0,39,.,23,
04/08/2023,45,Ozone,PROCTOR MAPLE RESEARCH CTR,50-007-0007,AQS,0,45,.,27,
05/08/2023,46,Ozone,PROCTOR MAPLE RESEARCH CTR,50-007-0007,AQS,0,46,.,30,
06/08/2023,23,PM2.5,City of Burlington Parking Lot,50-007-0014,AQS,0,16,1,23,
07/08/2023,36,PM2.5,City of Burlington Parking Lot,50-007-0014,AQS,0,36,8,36,
08/08/2023,19,PM2.5,City of Burlington Parking Lot,50-007-0014,AQS,1,.,.,19,
09/08/2023,39,PM2.5,City of Burlington Parking Lot,50-007-0014,AQS,1,35,.,39,
10/08/2023,33,Ozone,PROCTOR MAPLE RESEARCH CTR,50-007-0007,AQS,0,33,.,12,
11/08/2023,30,Ozone,PROCTOR MAPLE RESEARCH CTR,50-007-0007,AQS,0,30,2,12,
12/08/2023,59,PM2.5,City of Burlington Parking Lot,50-007-0014,AQS,.,28,6,59,
01/09/2023,49,PM2.5,City of Burlington Parking Lot,50-007-0014,AQS,0,30,5,49,
02/09/2023,55,PM2.5,City of Burlington Parking Lot,50-007-0014,AQS,0,41,.,55,
03/09/2023,36,Ozone,PROCTOR MAPLE RESEARCH CTR,50-007-0007,AQS,0,36,.,34,
04/09/2023,45,Ozone,PROCTOR MAPLE RESEARCH CTR,50-007-0007,AQS,0,45,3,34,
05/09/2023,54,PM2.5,City of Burlington Parking Lot,50-007-0014,AQS,0,46,9,54,
06/09/2023,29,PM2.5,City of Burlington Parking Lot,50-007-0014,AQS,0,19,.,29,
07/09/2023,38,PM2.5,City of Burlington Parking Lot,50-007-0014,AQS,0,34,.,38,
08/09/2023,49,PM2.5,City of Burlington Parking Lot,50-007-0014,AQS,1,.,.,49,
09/09/2023,18,PM2.5,City of Burlington Parking Lot,50-007-0014,AQS,1,18,5,18,
10/09/2023,31,Ozone,PROCTOR MAPLE RESEARCH CTR,50-007-0007,AQS,0,31,2,13,
11/09/2023,33,Ozone,PROCTOR MAPLE RESEARCH CTR,50-007-0007,AQS,0,33,.,23,
12/09/2023,56,PM2.5,City of Burlington Parking Lot,50-007-0014,AQS,.,36,.,56,
01/10/2023,31,Ozone,PROCTOR MAPLE RESEARCH CTR,50-007-0007,AQS,0,31,.,25,
02/10/2023,36,PM2.5,City of Burlington Parking Lot,50-007-0014,AQS,0,34,.,36,
03/10/2023,46,PM2.5,City of Burlington Parking Lot,50-007-0014,AQS,0,.,6,46,
04/10/2023,64,Ozone,PROCTOR MAPLE RESEARCH CTR,50-007-0007,AQS,0,64,.,41,
05/10/2023,48,PM2.5,City of Burlington Parking Lot,50-007-0014,AQS,0,46,.,48,
06/10/2023,37,PM2.5,PROCTOR MAPLE RESEARCH CTR,50-007-0007,AQS,0,29,.,37,
07/10/2023,34,Ozone,PROCTOR MAPLE RESEARCH CTR,50-007-0007,AQS,0,34,.,19,
08/10/2023,56,PM2.5,City of Burlington Parking Lot,50-007-0014,AQS,1,.,12,56,
09/10/2023,20,PM2.5,City of Burlington Parking Lot,50-007-0014,AQS,0,15,.,20,
10/10/2023,34,Ozone,PROCTOR MAPLE RESEARCH CTR,50-007-0007,AQS,0,34,.,23,
11/10/2023,29,Ozone,PROCTOR MAPLE RESEARCH CTR,50-007-0007,AQS,0,29,.,21,
12/10/2023,55,PM2.5,City of Burlington Parking Lot,50-007-0014,AQS,.,37,.,55,
01/11/2023,54,PM2.5,City of Burlington Parking Lot,50-007-0014,AQS,0,30,.,54,
02/11/2023,42,Ozone,PROCTOR MAPLE RESEARCH CTR,50-007-0007,AQS,0,42,1,21,
03/11/2023,44,Ozone,PROCTOR MAPLE RESEARCH CTR,50-007-0007,AQS,0,44,.,41,
04/11/2023,80,Ozone,PROCTOR MAPLE RESEARCH CTR,50-007-0007,AQS,0,80,.,54,
05/11/2023,53,PM2.5,City of Burlington Parking Lot,50-007-0014,AQS,0,45,.,53,
06/11/2023,53,PM2.5,City of Burlington Parking Lot,50-007-0014,AQS,0,37,8,53,
07/11/2023,41,Ozone,PROCTOR MAPLE RESEARCH CTR,50-007-0007,AQS,0,41,9,40,
08/11/2023,38,PM2.5,City of Burlington Parking Lot,50-007-0014,AQS,0,38,.,38,
09/11/2023,24,PM2.5,City of Burlington Parking Lot,50-007-0014,AQS,0,13,.,24,
10/11/2023,33,Ozone,PROCTOR MAPLE RESEARCH CTR,50-007-0007,AQS,0,33,.,26,
11/11/2023,31,Ozone,PROCTOR MAPLE RESEARCH CTR,50-007-0007,AQS,0,31,1,14,
12/11/2023,33,Ozone,PROCTOR MAPLE RESEARCH CTR,50-007-0007,AQS,.,33,0,13,
01/12/2023,39,PM2.5,City of Burlington Parking Lot,50-007-0014,AQS,0,32,3,39,
02/12/2023,47,PM2.5,City of Burlington Parking Lot,50-007-0014,AQS,0,42,.,47,
03/12/2023,55,PM2.5,City of Burlington Parking Lot,50-007-0014,AQS,0,46,.,55,
04/12/2023,61,Ozone,PROCTOR MAPLE RESEARCH CTR,50-007-0007,AQS,0,61,5,29,
05/12/2023,54,Ozone,PROCTOR MAPLE RESEARCH CTR,50-007-0007,AQS,0,54,9,43,
06/12/2023,77,Ozone,PROCTOR MAPLE RESEARCH CTR,50-007-0007,AQS,0,77,.,74,
07/12/2023,53,PM2.5,City of Burlington Parking Lot,50-007-0014,AQS,0,41,.,53,
08/12/2023,39,Ozone,PROCTOR MAPLE RESEARCH CTR,50-007-0007,AQS,0,39,.,33,
09/12/2023,27,PM2.5,City of Burlington Parking Lot,50-007-0014,AQS,0,24,5,27,
10/12/2023,22,Ozone,PROCTOR MAPLE RESEARCH CTR,50-007-0007,AQS,0,22,3,19,
11/12/2023,34,Ozone,PROCTOR MAPLE RESEARCH CTR,50-007-0007,AQS,0,34,.,24,
12/12/2023,36,Ozone,PROCTOR MAPLE RESEARCH CTR,50-007-0007,AQS,.,36,.,19,
01/01/2024,21,PM2.5,East HS,39-153-0017,AQS,.,6,21,,
02/01/2024,54,PM2.5,East HS,39-153-0017,AirNow,.,15,54,,
03/01/2024,33,Ozone,Lake Rockwell,39-133-1001,AQS,33,14,32,,
04/01/2024,42,PM2.5,East HS,39-153-0017,AQS,37,10,42,,
05/01/2024,61,Ozone,Lake Rockwell,39-133-1001,AQS,61,19,35,,
06/01/2024,80,Ozone,Lake Rockwell,39-133-1001,AQS,80,17,52,,
07/01/2024,34,Ozone,Lake Rockwell,39-133-1001,AQS,34,6,14,,
08/01/2024,54,Ozone,Lake Rockwell,39-133-1001,AQS,54,14,43,,
09/01/2024,47,Ozone,Lake Rockwell,39-133-1001,AQS,47,14,46,,
10/01/2024,31,Ozone,Lake Rockwell,39-133-1001,AQS,31,9,22,,
11/01/2024,19,PM2.5,East HS,39-153-0017,AQS,.,6,19,,
12/01/2024,33,PM2.5,East HS,39-153-0017,AQS,.,10,33,,
01/02/2024,32,PM2.5,East HS,39-153-0017,AirNow,.,7,32,,
02/02/2024,37,PM2.5,East HS,39-153-0017,AirNow,.,8,37,,
03/02/2024,39,PM2.5,East HS,39-153-0017,AQS,26,9,39,,
04/02/2024,35,Ozone,Lake Rockwell,39-133-1001,AQS,35,6,23,,
05/02/2024,80,Ozone,Lake Rockwell,39-133-1001,AQS,80,17,33,,
06/02/2024,48,PM2.5,East HS,39-153-0017,AQS,37,11,48,,
07/02/2024,49,Ozone,North HS,39-153-0026,AQS,49,12,25,,
08/02/2024,42,Ozone,North HS,39-153-0026,AQS,42,11,27,,
09/02/2024,32,Ozone,North HS,39-153-0026,AQS,32,6,20,,
10/02/2024,38,Ozone,Lake Rockwell,39-133-1001,AQS,38,7,21,,
11/02/2024,28,PM2.5,East HS,39-153-0017,AQS,.,8,28,,
12/02/2024,44,PM2.5,East HS,39-153-0017,AQS,.,11,44,,
01/03/2024,56,PM2.5,East HS,39-153-0017,AirNow,.,14,56,,
02/03/2024,36,PM2.5,East HS,39-153-0017,AQS,.,9,36,,
03/03/2024,53,PM2.5,East HS,39-153-0017,AQS,40,13,53,,
04/03/2024,37,Ozone,Lake Rockwell,39-133-1001,AQS,37,5,17,,
05/03/2024,51,PM2.5,East HS,39-153-0017,AQS,45,21,51,,
06/03/2024,51,PM2.5,East HS,39-153-0017,AQS,44,15,51,,
07/03/2024,49,Ozone,Lake Rockwell,39-133-1001,AQS,49,13,32,,
08/03/2024,43,Ozone,Lake Rockwell,39-133-1001,AQS,43,11,32,,
09/03/2024,45,Ozone,North HS,39-153-0026,AQS,45,10,29,,
10/03/2024,47,PM2.5,East HS,39-153-0017,AQS,47,16,47,,
11/03/2024,26,PM2.5,East HS,39-153-0017,AQS,.,8,26,,
12/03/2024,57,PM2.5,East HS,39-153-0017,AQS,.,16,57,,
01/04/2024,17,PM2.5,East HS,39-153-0017,AQS,.,5,17,,
02/04/2024,53,PM2.5,East HS,39-153-0017,AirNow,.,12,53,,
03/04/2024,41,PM2.5,East HS,39-153-0017,AQS,37,13,41,,
04/04/2024,37,Ozone,Lake Rockwell,39-133-1001,AQS,37,4,18,,
05/04/2024,39,PM2.5,East HS,39-153-0017,AQS,36,12,39,,
06/04/2024,52,PM2.5,East HS,39-153-0017,AQS,47,19,52,,
07/04/2024,43,PM2.5,East HS,39-153-0017,AQS,39,14,43,,
08/04/2024,64,PM2.5,East HS,39-153-0017,AQS,44,22,64,,
09/04/2024,51,Ozone,North HS,39-153-0026,AQS,51,14,27,,
10/04/2024,61,Ozone,Lake Rockwell,39-133-1001,AQS,61,23,52,,
11/04/2024,31,PM2.5,East HS,39-153-0017,AQS,.,17,31,,
12/04/2024,55,PM2.5,East HS,39-153-0017,AQS,.,18,55,,
01/05/2024,55,PM2.5,East HS,39-153-0017,AirNow,.,16,55,,
02/05/2024,53,PM2.5,East HS,39-153-0017,AirNow,.,13,53,,
03/05/2024,36,Ozone,Lake Rockwell,39-133-1001,AQS,36,12,34,,
04/05/2024,41,Ozone,Lake Rockwell,39-133-1001,AQS,41,4,14,,
05/05/2024,44,Ozone,Lake Rockwell,39-133-1001,AQS,44,13,41,,
06/05/2024,44,PM2.5,East HS,39-153-0017,AQS,36,15,44,,
07/05/2024,52,PM2.5,East HS,39-153-0017,AQS,45,13,52,,
08/05/2024,57,PM2.5,East HS,39-153-0017,AQS,45,19,57,,
09/05/2024,77,Ozone,North HS,39-153-0026,AQS,77,16,29,,
10/05/2024,47,PM2.5,East HS,39-153-0017,AQS,36,14,47,,
11/05/2024,33,PM2.5,East HS,39-153-0017,AQS,.,15,33,,
12/05/2024,23,PM2.5,East HS,39-153-0017,AQS,.,9,23,,
01/06/2024,57,PM2.5,East HS,39-153-0017,AirNow,.,15,57,,
02/06/2024,28,PM2.5,East HS,39-153-0017,AQS,.,9,28,,
03/06/2024,48,PM2.5,East HS,39-153-0017,AQS,21,12,48,,
04/06/2024,43,Ozone,Lake Rockwell,39-133-1001,AQS,43,4,12,,
05/06/2024,44,Ozone,Lake Rockwell,39-133-1001,AQS,44,11,34,,
06/06/2024,48,Ozone,Lake Rockwell,39-133-1001,AQS,48,19,26,,
07/06/2024,47,Ozone,North HS,39-153-0026,AQS,47,14,46,,
08/06/2024,44,PM2.5,East HS,39-153-0017,AQS,43,15,44,,
09/06/2024,46,Ozone,Lake Rockwell,39-133-1001,AQS,46,13,37,,
10/06/2024,52,PM2.5,East HS,39-153-0017,AQS,51,28,52,,
11/06/2024,40,PM2.5,East HS,39-153-0017,AQS,.,12,40,,
12/06/2024,32,PM2.5,East HS,39-153-0017,AQS,.,12,32,,
01/07/2024,61,PM2.5,East HS,39-153-0017,AQS,.,18,61,,
02/07/2024,52,PM2.5,East HS,39-153-0017,AirNow,.,24,52,,
03/07/2024,26,Ozone,Lake Rockwell,39-133-1001,AQS,26,5,19,,
04/07/2024,48,Ozone,Lake Rockwell,39-133-1001,AQS,48,7,24,,
05/07/2024,46,Ozone,Lake Rockwell,39-133-1001,AQS,46,11,27,,
06/07/2024,39,Ozone,Lake Rockwell,39-133-1001,AQS,39,17,21,,
07/07/2024,64,PM2.5,East HS,39-153-0017,AQS,58,21,64,,
08/07/2024,32,PM2.5,East HS,39-153-0017,AQS,26,10,32,,
09/07/2024,28,Ozone,North HS,39-153-0026,AQS,28,5,13,,
10/07/2024,27,PM2.5,East HS,39-153-0017,AQS,27,15,27,,
11/07/2024,34,PM2.5,East HS,39-153-0017,AQS,.,9,34,,
12/07/2024,36,PM2.5,East HS,39-153-0017,AQS,.,17,36,,
01/08/2024,62,PM2.5,East HS,39-153-0017,AirNow,.,19,62,,
02/08/2024,50,PM2.5,East HS,39-153-0017,AQS,.,22,50,,
03/08/2024,32,Ozone,North HS,39-153-0026,AQS,32,9,30,,
04/08/2024,61,Ozone,Lake Rockwell,39-133-1001,AQS,61,12,36,,
05/08/2024,51,Ozone,Lake Rockwell,39-133-1001,AQS,51,15,25,,
06/08/2024,44,Ozone,Lake Rockwell,39-133-1001,AQS,44,13,29,,
07/08/2024,90,Ozone,North HS,39-153-0026,AQS,90,16,52,,
08/08/2024,36,Ozone,North HS,39-153-0026,AQS,36,10,25,,
09/08/2024,38,Ozone,North HS,39-153-0026,AQS,38,6,19,,
10/08/2024,35,Ozone,Lake Rockwell,39-133-1001,AQS,35,16,33,,
11/08/2024,38,PM2.5,East HS,39-153-0017,AQS,.,11,38,,
12/08/2024,48,PM2.5,East HS,39-153-0017,AQS,.,17,48,,
01/09/2024,23,PM2.5,East HS,39-153-0017,AirNow,.,6,23,,
02/09/2024,52,PM2.5,East HS,39-153-0017,AQS,.,19,52,,
03/09/2024,32,Ozone,North HS,39-153-0026,AQS,32,5,17,,
04/09/2024,51,PM2.5,East HS,39-153-0017,AQS,49,18,51,,
05/09/2024,34,Ozone,Lake Rockwell,39-133-1001,AQS,34,7,17,,
06/09/2024,42,Ozone,Lake Rockwell,39-133-1001,AQS,42,7,16,,
07/09/2024,84,Ozone,North HS,39-153-0026,AQS,84,19,56,,
08/09/2024,48,Ozone,North HS,39-153-0026,AQS,48,12,31,,
09/09/2024,41,Ozone,North HS,39-153-0026,AQS,41,15,31,,
10/09/2024,37,Ozone,Lake Rockwell,39-133-1001,AQS,37,11,26,,
11/09/2024,24,PM2.5,East HS,39-153-0017,AQS,.,8,24,,
12/09/2024,22,PM2.5,East HS,39-153-0017,AQS,.,6,22,,
01/10/2024,17,PM2.5,East HS,39-153-0017,AQS,.,5,17,,
02/10/2024,53,PM2.5,East HS,39-153-0017,AQS,.,15,53,,
03/10/2024,38,Ozone,North HS,39-153-0026,AQS,38,4,12,,
04/10/2024,37,PM2.5,East HS,39-153-0017,AQS,32,11,37,,
05/10/2024,34,Ozone,Lake Rockwell,39-133-1001,AQS,34,10,29,,
06/10/2024,32,PM2.5,East HS,39-153-0017,AQS,27,11,32,,
07/10/2024,40,Ozone,North HS,39-153-0026,AQS,40,9,26,,
08/10/2024,36,Ozone,North HS,39-153-0026,AQS,36,9,26,,
09/10/2024,51,Ozone,Lake Rockwell,39-133-1001,AQS,51,21,49,,
10/10/2024,28,Ozone,Lake Rockwell,39-133-1001,AQS,28,10,22,,
11/10/2024,52,PM2.5,East HS,39-153-0017,AQS,.,14,52,,
12/10/2024,55,PM2.5,East HS,39-153-0017,AQS,.,16,55,,
01/11/2024,42,PM2.5,East HS,39-153-0017,AirNow,.,10,42,,
02/11/2024,46,PM2.5,East HS,39-153-0017,AQS,.,9,46,,
03/11/2024,42,Ozone,Lake Rockwell,39-133-1001,AQS,42,6,18,,
04/11/2024,37,Ozone,Lake Rockwell,39-133-1001,AQS,37,10,33,,
05/11/2024,34,Ozone,North HS,39-153-0026,AQS,34,9,33,,
06/11/2024,46,PM2.5,East HS,39-153-0017,AQS,42,15,46,,
07/11/2024,44,Ozone,North HS,39-153-0026,AQS,44,9,34,,
08/11/2024,38,Ozone,North HS,39-153-0026,AQS,38,11,28,,
09/11/2024,97,Ozone,North HS,39-153-0026,AQS,97,21,51,,
10/11/2024,39,Ozone,Lake Rockwell,39-133-1001,AQS,39,19,35,,
11/11/2024,18,PM2.5,East HS,39-153-0017,AQS,.,6,18,,
12/11/2024,54,PM2.5,East HS,39-153-0017,AQS,.,14,54,,
01/12/2024,40,PM2.5,East HS,39-153-0017,AirNow,.,11,40,,
02/12/2024,55,PM2.5,East HS,39-153-0017,AQS,.,13,55,,
03/12/2024,47,Ozone,Lake Rockwell,39-133-1001,AQS,47,15,37,,
04/12/2024,42,Ozone,Lake Rockwell,39-133-1001,AQS,42,4,11,,
05/12/2024,41,Ozone,Lake Rockwell,39-133-1001,AQS,41,6,23,,
06/12/2024,87,Ozone,Lake Rockwell,39-133-1001,AQS,87,18,35,,
07/12/2024,80,Ozone,North HS,39-153-0026,AQS,80,13,43,,
08/12/2024,34,Ozone,North HS,39-153-0026,AQS,34,10,27,,
09/12/2024,80,Ozone,North HS,39-153-0026,AQS,80,21,53,,
10/12/2024,52,PM2.5,East HS,39-153-0017,AQS,28,20,52,,
11/12/2024,9,PM2.5,East HS,39-153-0017,AQS,.,3,9,,
12/12/2024,29,PM2.5,East HS,39-153-0017,AQS,.,21,29,,
01/01/2025,52,PM2.5,FORT COLLINS - CSU - Edison,08-069-0009,AirNow,5,46,15,52,24
02/01/2025,45,Ozone,Rocky Mountain NP - Long's Peak,08-069-0007,AirNow,7,45,.,16,11
03/01/2025,58,Ozone,Rocky Mountain NP - Long's Peak,08-069-0007,AirNow,5,58,18,34,.
04/01/2025,67,Ozone,Rocky Mountain NP - Long's Peak,08-069-0007,AirNow,.,67,5,13,.
01/02/2025,51,Ozone,Rocky Mountain NP - Long's Peak,08-069-0007,AQS,5,51,14,39,20
02/02/2025,42,Ozone,FORT COLLINS - WEST,08-069-0011,AQS,5,42,5,14,17
03/02/2025,58,Ozone,FORT COLLINS - WEST,08-069-0011,AirNow,.,58,19,42,.
04/02/2025,51,Ozone,Rocky Mountain NP - Long's Peak,08-069-0007,AirNow,.,51,4,14,.
01/03/2025,58,PM2.5,FORT COLLINS - CSU - Edison,08-069-0009,AQS,3,54,24,58,25
02/03/2025,44,Ozone,Rocky Mountain NP - Long's Peak,08-069-0007,AirNow,3,44,15,29,11
03/03/2025,50,Ozone,Rocky Mountain NP - Long's Peak,08-069-0007,AirNow,.,50,28,44,.
04/03/2025,47,Ozone,Rocky Mountain NP - Long's Peak,08-069-0007,AirNow,.,47,5,15,.
01/04/2025,50,Ozone,Rocky Mountain NP - Long's Peak,08-069-0007,AQS,2,50,9,44,7
02/04/2025,62,PM2.5,FORT COLLINS - CSU - Edison,08-069-0009,AQS,3,44,29,62,16
03/04/2025,44,Ozone,Rocky Mountain NP - Long's Peak,08-069-0007,AirNow,.,44,6,13,.
04/04/2025,45,Ozone,Rocky Mountain NP - Long's Peak,08-069-0007,AirNow,.,45,5,27,.
01/05/2025,43,Ozone,Rocky Mountain NP - Long's Peak,08-069-0007,AQS,3,43,6,36,16
02/05/2025,52,PM2.5,FORT COLLINS - CSU - Edison,08-069-0009,AQS,3,44,19,52,12
03/05/2025,45,Ozone,Rocky Mountain NP - Long's Peak,08-069-0007,AirNow,.,45,12,28,.
04/05/2025,47,Ozone,Rocky Mountain NP - Long's Peak,08-069-0007,AirNow,.,47,8,44,.
01/06/2025,52,PM2.5,FORT COLLINS - CSU - Edison,08-069-0009,AQS,3,42,15,52,16
02/06/2025,50,Ozone,Rocky Mountain NP - Long's Peak,08-069-0007,AirNow,3,50,16,28,15
03/06/2025,48,Ozone,Rocky Mountain NP - Long's Peak,08-069-0007,AirNow,.,48,14,36,.
04/06/2025,61,Ozone,Rocky Mountain NP - Long's Peak,08-069-0007,AirNow,.,61,10,29,.
01/07/2025,59,PM2.5,FORT COLLINS - CSU - Edison,08-069-0009,AQS,5,44,16,59,27
02/07/2025,48,Ozone,Rocky Mountain NP - Long's Peak,08-069-0007,AirNow,3,48,16,32,19
03/07/2025,41,Ozone,Rocky Mountain NP - Long's Peak,08-069-0007,AirNow,.,41,6,25,.
04/07/2025,71,Ozone,FORT COLLINS - WEST,08-069-0011,AirNow,.,71,19,40,.
01/08/2025,55,PM2.5,FORT COLLINS - CSU - Edison,08-069-0009,AQS,8,51,15,55,38
02/08/2025,46,Ozone,Rocky Mountain NP - Long's Peak,08-069-0007,AirNow,2,46,9,36,7
03/08/2025,48,Ozone,Rocky Mountain NP - Long's Peak,08-069-0007,AirNow,.,48,10,34,.
04/08/2025,58,Ozone,Rocky Mountain NP - Long's Peak,08-069-0007,AirNow,.,58,19,29,.
01/09/2025,44,Ozone,Fort Collins - CSU - S. Mason,08-069-1004,AQS,5,44,2,6,11
02/09/2025,54,Ozone,Rocky Mountain NP - Long's Peak,08-069-0007,AirNow,2,54,7,27,12
03/09/2025,50,Ozone,Rocky Mountain NP - Long's Peak,08-069-0007,AirNow,.,50,10,29,.
04/09/2025,93,Ozone,FORT COLLINS - WEST,08-069-0011,AirNow,.,93,31,55,.
01/10/2025,46,Ozone,Rocky Mountain NP - Long's Peak,08-069-0007,AQS,8,46,15,37,33
02/10/2025,47,Ozone,Rocky Mountain NP - Long's Peak,08-069-0007,AirNow,3,47,8,24,10
03/10/2025,49,Ozone,Rocky Mountain NP - Long's Peak,08-069-0007,AirNow,.,49,16,26,.
04/10/2025,77,Ozone,Rocky Mountain NP - Long's Peak,08-069-0007,AirNow,.,77,35,54,.
01/11/2025,42,Ozone,Rocky Mountain NP - Long's Peak,08-069-0007,AQS,8,42,3,7,31
02/11/2025,57,PM2.5,FORT COLLINS - CSU - Edison,08-069-0009,AQS,2,38,17,57,6
03/11/2025,64,Ozone,Rocky Mountain NP - Long's Peak,08-069-0007,AirNow,.,64,29,35,.
04/11/2025,100,Ozone,FORT COLLINS - WEST,08-069-0011,AirNow,.,100,38,55,.
01/12/2025,38,Ozone,Rocky Mountain NP - Long's Peak,08-069-0007,AQS,3,38,1,4,12
02/12/2025,48,Ozone,Rocky Mountain NP - Long's Peak,08-069-0007,AirNow,3,48,6,34,19
03/12/2025,67,Ozone,FORT COLLINS - WEST,08-069-0011,AirNow,.,67,26,39,.
04/12/2025,84,Ozone,Bethke,08-069-0016,AirNow,.,84,20,46,.
01/13/2023,31,Ozone,PROCTOR MAPLE RESEARCH CTR,50-007-0007,AQS,0,31,.,23,
01/13/2024,26,PM2.5,East HS,39-153-0017,AQS,.,10,26,,
01/13/2025,41,Ozone,Rocky Mountain NP - Long's Peak,08-069-0007,AQS,7,41,.,17,25
01/14/2023,35,PM2.5,PROCTOR MAPLE RESEARCH CTR,50-007-0007,AQS,0,33,.,35,
01/14/2024,32,PM2.5,East HS,39-153-0017,AirNow,.,20,32,,
01/14/2025,43,Ozone,FORT COLLINS - WEST,08-069-0011,AQS,5,43,10,22,25
01/15/2023,47,PM2.5,PROCTOR MAPLE RESEARCH CTR,50-007-0007,AQS,0,35,6,47,
01/15/2024,37,PM2.5,East HS,39-153-0017,AirNow,.,21,37,,
01/15/2025,51,Ozone,Rocky Mountain NP - Long's Peak,08-069-0007,AQS,7,51,19,31,29
01/16/2023,42,PM2.5,PROCTOR MAPLE RESEARCH CTR,50-007-0007,AQS,0,32,.,42,
01/16/2024,41,PM2.5,East HS,39-153-0017,AQS,.,18,41,,
01/16/2025,51,PM2.5,FORT COLLINS - CSU - Edison,08-069-0009,AQS,8,51,32,51,30
01/17/2023,49,PM2.5,City of Burlington Parking Lot,50-007-0014,AQS,0,39,.,49,
01/17/2024,32,PM2.5,East HS,39-153-0017,AirNow,.,19,32,,
01/17/2025,49,Ozone,Rocky Mountain NP - Long's Peak,08-069-0007,AQS,8,49,23,36,28
01/18/2023,44,PM2.5,City of Burlington Parking Lot,50-007-0014,AQS,0,34,2,44,
01/18/2024,51,PM2.5,East HS,39-153-0017,AirNow,.,22,51,,
01/18/2025,38,Ozone,Rocky Mountain NP - Long's Peak,08-069-0007,AQS,3,38,5,19,16
01/19/2023,32,Ozone,PROCTOR MAPLE RESEARCH CTR,50-007-0007,AQS,0,32,.,31,
01/19/2024,58,PM2.5,East HS,39-153-0017,AQS,.,13,58,,
01/19/2025,41,Ozone,Rocky Mountain NP - Long's Peak,08-069-0007,AQS,5,41,8,38,28
01/20/2023,32,Ozone,PROCTOR MAPLE RESEARCH CTR,50-007-0007,AQS,0,32,.,28,
01/20/2024,28,PM2.5,East HS,39-153-0017,AirNow,.,7,28,,
01/20/2025,46,Ozone,Rocky Mountain NP - Long's Peak,08-069-0007,AQS,3,46,7,34,30
01/21/2023,35,Ozone,PROCTOR MAPLE RESEARCH CTR,50-007-0007,AQS,0,35,1,32,
01/21/2024,42,PM2.5,East HS,39-153-0017,AirNow,.,13,42,,
01/21/2025,48,Ozone,FORT COLLINS - WEST,08-069-0011,AQS,6,48,13,46,34
01/22/2023,37,PM2.5,City of Burlington Parking Lot,50-007-0014,AQS,0,34,.,37,
01/22/2024,56,PM2.5,East HS,39-153-0017,AQS,.,25,56,,
01/22/2025,45,Ozone,FORT COLLINS - WEST,08-069-0011,AQS,2,45,2,7,8
01/23/2023,51,PM2.5,City of Burlington Parking Lot,50-007-0014,AQS,0,32,.,51,
01/23/2024,52,PM2.5,East HS,39-153-0017,AirNow,.,16,52,,
01/23/2025,45,Ozone,Rocky Mountain NP - Long's Peak,08-069-0007,AQS,6,45,6,16,34
01/24/2023,32,Ozone,PROCTOR MAPLE RESEARCH CTR,50-007-0007,AQS,0,32,3,27,
01/24/2024,37,PM2.5,East HS,39-153-0017,AirNow,.,9,37,,
01/24/2025,45,Ozone,Rocky Mountain NP - Long's Peak,08-069-0007,AQS,6,45,13,26,30
01/25/2023,33,Ozone,PROCTOR MAPLE RESEARCH CTR,50-007-0007,AQS,0,33,.,29,
01/25/2024,22,PM2.5,East HS,39-153-0017,AQS,.,6,22,,
01/25/2025,41,Ozone,Rocky Mountain NP - Long's Peak,08-069-0007,AQS,2,41,3,15,6
01/26/2023,34,Ozone,PROCTOR MAPLE RESEARCH CTR,50-007-0007,AQS,0,34,.,25,
01/26/2024,16,PM2.5,East HS,39-153-0017,AirNow,.,4,16,,
01/26/2025,55,PM2.5,FORT COLLINS - CSU - Edison,08-069-0009,AQS,5,47,12,55,23
01/27/2023,33,Ozone,PROCTOR MAPLE RESEARCH CTR,50-007-0007,AQS,0,33,1,26,
01/27/2024,24,PM2.5,East HS,39-153-0017,AirNow,.,6,24,,
01/27/2025,55,PM2.5,Bethke,08-069-0016,AQS,7,47,.,55,31
01/28/2023,41,PM2.5,City of Burlington Parking Lot,50-007-0014,AQS,0,39,.,41,
01/28/2024,7,PM2.5,East HS,39-153-0017,AQS,.,2,7,,
01/28/2025,48,Ozone,Rocky Mountain NP - Long's Peak,08-069-0007,AQS,11,48,.,42,30
01/29/2023,47,PM2.5,City of Burlington Parking Lot,50-007-0014,AQS,0,39,.,47,
01/29/2024,23,PM2.5,East HS,39-153-0017,AirNow,.,5,23,,
01/29/2025,44,Ozone,Rocky Mountain NP - Long's Peak,08-069-0007,AQS,13,44,.,36,27
01/30/2023,46,PM2.5,City of Burlington Parking Lot,50-007-0014,AQS,0,34,5,46,
01/30/2024,49,PM2.5,East HS,39-153-0017,AirNow,.,12,49,,
01/30/2025,47,Ozone,Rocky Mountain NP - Long's Peak,08-069-0007,AQS,7,47,.,17,24
01/31/2023,37,Ozone,PROCTOR MAPLE RESEARCH CTR,50-007-0007,AQS,0,37,.,30,
01/31/2024,52,PM2.5,East HS,39-153-0017,AQS,.,14,52,,
01/31/2025,48,Ozone,Rocky Mountain NP - Long's Peak,08-069-0007,AQS,8,48,.,31,31
02/13/2023,57,PM2.5,City of Burlington Parking Lot,50-007-0014,AQS,0,44,.,57,
02/13/2024,52,PM2.5,East HS,39-153-0017,AQS,.,12,52,,
02/13/2025,63,PM2.5,FORT COLLINS - CSU - Edison,08-069-0009,AQS,6,51,19,63,27
02/14/2023,49,PM2.5,City of Burlington Parking Lot,50-007-0014,AQS,0,44,3,49,
02/14/2024,21,PM2.5,East HS,39-153-0017,AQS,.,6,21,,
02/14/2025,59,PM2.5,FORT COLLINS - CSU - Edison,08-069-0009,AQS,6,44,18,59,26
02/15/2023,48,Ozone,PROCTOR MAPLE RESEARCH CTR,50-007-0007,AQS,0,48,.,39,
02/15/2024,37,PM2.5,East HS,39-153-0017,AQS,.,13,37,,
02/15/2025,61,PM2.5,FORT COLLINS - CSU - Edison,08-069-0009,AQS,6,48,17,61,24
02/16/2023,37,Ozone,PROCTOR MAPLE RESEARCH CTR,50-007-0007,AQS,0,37,.,24,
02/16/2024,24,PM2.5,East HS,39-153-0017,AQS,.,6,24,,
02/16/2025,58,PM2.5,FORT COLLINS - CSU - Edison,08-069-0009,AQS,3,49,14,58,24
02/17/2023,38,Ozone,PROCTOR MAPLE RESEARCH CTR,50-007-0007,AQS,0,38,2,23,
02/17/2024,29,PM2.5,East HS,39-153-0017,AQS,.,9,29,,
02/17/2025,60,PM2.5,FORT COLLINS - CSU - Edison,08-069-0009,AQS,3,48,15,60,18
02/18/2023,40,Ozone,PROCTOR MAPLE RESEARCH CTR,50-007-0007,AQS,0,40,.,32,
02/18/2024,41,PM2.5,East HS,39-153-0017,AQS,.,11,41,,
02/18/2025,58,PM2.5,FORT COLLINS - CSU - Edison,08-069-0009,AQS,3,44,14,58,7
02/19/2023,52,PM2.5,City of Burlington Parking Lot,50-007-0014,AQS,0,39,.,52,
02/19/2024,59,PM2.5,East HS,39-153-0017,AQS,.,23,59,,
02/19/2025,55,PM2.5,FORT COLLINS - CSU - Edison,08-069-0009,AirNow,3,47,13,55,11
02/20/2023,40,PM2.5,City of Burlington Parking Lot,50-007-0014,AQS,0,39,5,40,
02/20/2024,69,PM2.5,East HS,39-153-0017,AQS,.,36,69,,
02/20/2025,60,PM2.5,FORT COLLINS - CSU - Edison,08-069-0009,AirNow,3,46,16,60,12
02/21/2023,38,Ozone,PROCTOR MAPLE RESEARCH CTR,50-007-0007,AQS,0,38,.,32,
02/21/2024,46,PM2.5,East HS,39-153-0017,AQS,.,19,46,,
02/21/2025,49,Ozone,Rocky Mountain NP - Long's Peak,08-069-0007,AirNow,3,49,8,41,23
02/22/2023,37,Ozone,PROCTOR MAPLE RESEARCH CTR,50-007-0007,AQS,0,37,.,26,
02/22/2024,70,PM2.5,East HS,39-153-0017,AQS,.,23,70,,
02/22/2025,58,Ozone,Rocky Mountain NP - Long's Peak,08-069-0007,AirNow,5,58,13,43,23
02/23/2023,37,Ozone,PROCTOR MAPLE RESEARCH CTR,50-007-0007,AQS,0,37,3,28,
02/23/2024,71,PM2.5,East HS,39-153-0017,AQS,.,26,71,,
02/23/2025,51,Ozone,Rocky Mountain NP - Long's Peak,08-069-0007,AirNow,5,51,7,31,18
02/24/2023,40,Ozone,PROCTOR MAPLE RESEARCH CTR,50-007-0007,AQS,0,40,.,26,
02/24/2024,15,PM2.5,East HS,39-153-0017,AQS,.,5,15,,
02/24/2025,47,Ozone,Rocky Mountain NP - Long's Peak,08-069-0007,AirNow,3,47,5,11,15
02/25/2023,39,Ozone,PROCTOR MAPLE RESEARCH CTR,50-007-0007,AQS,0,39,.,32,
02/25/2024,27,PM2.5,East HS,39-153-0017,AQS,.,7,27,,
02/25/2025,71,Ozone,Rocky Mountain NP - Long's Peak,08-069-0007,AirNow,3,71,8,11,11
02/26/2023,53,PM2.5,City of Burlington Parking Lot,50-007-0014,AQS,0,40,5,53,
02/26/2024,48,PM2.5,East HS,39-153-0017,AQS,.,18,48,,
02/26/2025,71,Ozone,Rocky Mountain NP - Long's Peak,08-069-0007,AirNow,2,71,5,6,10
02/27/2023,54,PM2.5,City of Burlington Parking Lot,50-007-0014,AQS,0,43,.,54,
02/27/2024,59,PM2.5,East HS,39-153-0017,AQS,.,23,59,,
02/27/2025,51,Ozone,Rocky Mountain NP - Long's Peak,08-069-0007,AirNow,7,51,20,25,19
02/28/2023,42,Ozone,PROCTOR MAPLE RESEARCH CTR,50-007-0007,AQS,0,42,.,35,
02/28/2024,38,PM2.5,East HS,39-153-0017,AQS,.,11,38,,
02/28/2025,51,Ozone,Rocky Mountain NP - Long's Peak,08-069-0007,AirNow,7,51,19,29,25
02/29/2024,24,PM2.5,East HS,39-153-0017,AQS,.,9,24,,
03/13/2023,51,PM2.5,City of Burlington Parking Lot,50-007-0014,AQS,0,43,5,51,
03/13/2024,58,Ozone,Lake Rockwell,39-133-1001,AQS,58,22,56,,
03/13/2025,51,Ozone,Rocky Mountain NP - Long's Peak,08-069-0007,AirNow,.,51,22,36,.
03/14/2023,44,Ozone,PROCTOR MAPLE RESEARCH CTR,50-007-0007,AQS,0,44,.,16,
03/14/2024,60,PM2.5,East HS,39-153-0017,AQS,45,23,60,,
03/14/2025,63,PM2.5,Bethke,08-069-0016,AirNow,.,49,6,63,.
03/15/2023,44,Ozone,PROCTOR MAPLE RESEARCH CTR,50-007-0007,AQS,0,44,.,15,
03/15/2024,44,PM2.5,East HS,39-153-0017,AQS,35,11,44,,
03/15/2025,46,Ozone,Rocky Mountain NP - Long's Peak,08-069-0007,AirNow,.,46,2,6,.
03/16/2023,47,Ozone,PROCTOR MAPLE RESEARCH CTR,50-007-0007,AQS,0,47,.,34,
03/16/2024,44,Ozone,Lake Rockwell,39-133-1001,AQS,44,10,42,,
03/16/2025,46,Ozone,Rocky Mountain NP - Long's Peak,08-069-0007,AirNow,.,46,5,8,.
03/17/2023,52,PM2.5,City of Burlington Parking Lot,50-007-0014,AQS,0,49,6,52,
03/17/2024,35,Ozone,Lake Rockwell,39-133-1001,AQS,35,6,18,,
03/17/2025,51,Ozone,FORT COLLINS - WEST,08-069-0011,AirNow,.,51,14,16,.
03/18/2023,44,Ozone,PROCTOR MAPLE RESEARCH CTR,50-007-0007,AQS,0,44,.,30,
03/18/2024,34,Ozone,North HS,39-153-0026,AQS,34,6,16,,
03/18/2025,49,Ozone,Rocky Mountain NP - Long's Peak,08-069-0007,AirNow,.,49,7,13,.
03/19/2023,44,Ozone,PROCTOR MAPLE RESEARCH CTR,50-007-0007,AQS,0,44,2,22,
03/19/2024,36,Ozone,Lake Rockwell,39-133-1001,AQS,36,16,33,,
03/19/2025,49,Ozone,Rocky Mountain NP - Long's Peak,08-069-0007,AirNow,.,49,2,7,.
03/20/2023,48,Ozone,PROCTOR MAPLE RESEARCH CTR,50-007-0007,AQS,0,48,.,40,
03/20/2024,38,Ozone,North HS,39-153-0026,AQS,38,11,26,,
03/20/2025,51,Ozone,Rocky Mountain NP - Long's Peak,08-069-0007,AirNow,.,51,20,29,.
03/21/2023,52,PM2.5,City of Burlington Parking Lot,50-007-0014,AQS,0,49,.,52,
03/21/2024,36,Ozone,North HS,39-153-0026,AQS,36,5,15,,
03/21/2025,49,Ozone,Rocky Mountain NP - Long's Peak,08-069-0007,AirNow,.,49,6,8,.
03/22/2023,50,Ozone,PROCTOR MAPLE RESEARCH CTR,50-007-0007,AQS,0,50,7,42,
03/22/2024,34,Ozone,Lake Rockwell,39-133-1001,AQS,34,8,29,,
03/22/2025,49,Ozone,Rocky Mountain NP - Long's Peak,08-069-0007,AirNow,.,49,8,14,.
03/23/2023,59,PM2.5,City of Burlington Parking Lot,50-007-0014,AQS,0,46,.,59,
03/23/2024,41,Ozone,Lake Rockwell,39-133-1001,AQS,41,6,31,,
03/23/2025,51,Ozone,Rocky Mountain NP - Long's Peak,08-069-0007,AirNow,.,51,5,11,.
03/24/2023,40,Ozone,PROCTOR MAPLE RESEARCH CTR,50-007-0007,AQS,0,40,.,27,
03/24/2024,43,Ozone,Lake Rockwell,39-133-1001,AQS,43,5,16,,
03/24/2025,40,Ozone,Rocky Mountain NP - Long's Peak,08-069-0007,AirNow,.,40,7,10,.
03/25/2023,42,Ozone,PROCTOR MAPLE RESEARCH CTR,50-007-0007,AQS,0,42,3,33,
03/25/2024,50,Ozone,Lake Rockwell,39-133-1001,AQS,50,11,22,,
03/25/2025,44,Ozone,Rocky Mountain NP - Long's Peak,08-069-0007,AirNow,.,44,10,13,.
03/26/2023,44,Ozone,PROCTOR MAPLE RESEARCH CTR,50-007-0007,AQS,0,44,.,24,
03/26/2024,41,Ozone,North HS,39-153-0026,AQS,41,7,22,,
03/26/2025,61,Ozone,FORT COLLINS - WEST,08-069-0011,AirNow,.,61,26,44,.
03/27/2023,46,Ozone,PROCTOR MAPLE RESEARCH CTR,50-007-0007,AQS,0,46,.,34,
03/27/2024,33,PM2.5,East HS,39-153-0017,AQS,27,8,33,,
03/27/2025,50,Ozone,Rocky Mountain NP - Long's Peak,08-069-0007,AirNow,.,50,31,38,.
03/28/2023,46,Ozone,PROCTOR MAPLE RESEARCH CTR,50-007-0007,AQS,0,46,6,38,
03/28/2024,48,PM2.5,East HS,39-153-0017,AQS,45,13,48,,
03/28/2025,54,Ozone,Rocky Mountain NP - Long's Peak,08-069-0007,AirNow,.,54,23,35,.
03/29/2023,48,Ozone,PROCTOR MAPLE RESEARCH CTR,50-007-0007,AQS,0,48,.,38,
03/29/2024,55,PM2.5,East HS,39-153-0017,AQS,44,16,55,,
03/29/2025,48,Ozone,Rocky Mountain NP - Long's Peak,08-069-0007,AirNow,.,48,6,24,.
03/30/2023,45,Ozone,PROCTOR MAPLE RESEARCH CTR,50-007-0007,AQS,0,45,.,26,
03/30/2024,59,PM2.5,East HS,39-153-0017,AQS,40,19,59,,
03/30/2025,58,Ozone,Rocky Mountain NP - Long's Peak,08-069-0007,AirNow,.,58,6,28,.
03/31/2023,50,Ozone,PROCTOR MAPLE RESEARCH CTR,50-007-0007,AQS,0,50,5,37,
03/31/2024,52,PM2.5,East HS,39-153-0017,AQS,37,13,52,,
03/31/2025,61,Ozone,Rocky Mountain NP - Long's Peak,08-069-0007,AirNow,.,61,14,52,.
04/13/2023,101,Ozone,PROCTOR MAPLE RESEARCH CTR,50-007-0007,AQS,0,101,.,60,
04/13/2024,48,Ozone,Lake Rockwell,39-133-1001,AQS,48,6,16,,
04/13/2025,67,Ozone,Rocky Mountain NP - Long's Peak,08-069-0007,AirNow,.,67,17,26,.
04/14/2023,67,Ozone,PROCTOR MAPLE RESEARCH CTR,50-007-0007,AQS,0,67,.,51,
04/14/2024,58,Ozone,Lake Rockwell,39-133-1001,AQS,58,17,33,,
04/14/2025,71,Ozone,Rocky Mountain NP - Long's Peak,08-069-0007,AirNow,.,71,12,29,.
04/15/2023,90,Ozone,PROCTOR MAPLE RESEARCH CTR,50-007-0007,AQS,0,90,.,54,
04/15/2024,54,Ozone,Lake Rockwell,39-133-1001,AQS,54,12,33,,
04/16/2023,44,Ozone,PROCTOR MAPLE RESEARCH CTR,50-007-0007,AQS,0,44,.,24,
04/16/2024,90,Ozone,Lake Rockwell,39-133-1001,AQS,90,15,33,,
04/17/2023,39,Ozone,PROCTOR MAPLE RESEARCH CTR,50-007-0007,AQS,0,39,.,8,
04/17/2024,45,Ozone,Lake Rockwell,39-133-1001,AQS,45,17,41,,
04/18/2023,34,Ozone,PROCTOR MAPLE RESEARCH CTR,50-007-0007,AQS,0,34,1,9,
04/18/2024,49,Ozone,Lake Rockwell,39-133-1001,AQS,49,8,22,,
04/19/2023,36,Ozone,PROCTOR MAPLE RESEARCH CTR,50-007-0007,AQS,0,36,.,17,
04/19/2024,43,Ozone,Lake Rockwell,39-133-1001,AQS,43,7,20,,
04/20/2023,42,Ozone,PROCTOR MAPLE RESEARCH CTR,50-007-0007,AQS,0,42,3,19,
04/20/2024,39,Ozone,Lake Rockwell,39-133-1001,AQS,39,6,18,,
04/21/2023,49,Ozone,PROCTOR MAPLE RESEARCH CTR,50-007-0007,AQS,0,49,7,39,
04/21/2024,36,Ozone,Lake Rockwell,39-133-1001,AQS,36,6,23,,
04/22/2023,46,Ozone,PROCTOR MAPLE RESEARCH CTR,50-007-0007,AQS,0,46,.,43,
04/22/2024,49,Ozone,Lake Rockwell,39-133-1001,AQS,49,16,42,,
04/23/2023,44,Ozone,PROCTOR MAPLE RESEARCH CTR,50-007-0007,AQS,0,44,1,9,
04/23/2024,50,Ozone,Lake Rockwell,39-133-1001,AQS,50,18,35,,
04/24/2023,37,Ozone,PROCTOR MAPLE RESEARCH CTR,50-007-0007,AQS,0,37,2,34,
04/24/2024,36,Ozone,Lake Rockwell,39-133-1001,AQS,36,9,35,,
04/25/2023,38,Ozone,PROCTOR MAPLE RESEARCH CTR,50-007-0007,AQS,0,38,.,26,
04/25/2024,43,Ozone,Lake Rockwell,39-133-1001,AQS,43,7,22,,
04/26/2023,42,Ozone,PROCTOR MAPLE RESEARCH CTR,50-007-0007,AQS,0,42,.,36,
04/26/2024,51,Ozone,Lake Rockwell,39-133-1001,AQS,51,16,36,,
04/27/2023,47,PM2.5,City of Burlington Parking Lot,50-007-0014,AQS,0,45,4,47,
04/27/2024,53,PM2.5,East HS,39-153-0017,AQS,48,19,53,,
04/28/2023,48,Ozone,PROCTOR MAPLE RESEARCH CTR,50-007-0007,AQS,0,48,.,40,
04/28/2024,53,PM2.5,East HS,39-153-0017,AQS,45,19,53,,
04/29/2023,48,Ozone,PROCTOR MAPLE RESEARCH CTR,50-007-0007,AQS,0,48,.,31,
04/29/2024,48,Ozone,Lake Rockwell,39-133-1001,AQS,48,18,41,,
04/30/2023,44,Ozone,PROCTOR MAPLE RESEARCH CTR,50-007-0007,AQS,0,44,1,13,
04/30/2024,48,Ozone,Lake Rockwell,39-133-1001,AQS,48,9,21,,
05/13/2023,44,PM2.5,City of Burlington Parking Lot,50-007-0014,AQS,0,42,.,44,
05/13/2024,58,Ozone,Lake Rockwell,39-133-1001,AQS,58,14,33,,
05/14/2023,40,Ozone,PROCTOR MAPLE RESEARCH CTR,50-007-0007,AQS,0,40,.,21,
05/14/2024,47,PM2.5,East HS,39-153-0017,AQS,41,17,47,,
05/15/2023,45,Ozone,PROCTOR MAPLE RESEARCH CTR,50-007-0007,AQS,0,45,7,34,
05/15/2024,47,PM2.5,East HS,39-153-0017,AQS,41,12,47,,
05/16/2023,37,PM2.5,City of Burlington Parking Lot,50-007-0014,AQS,0,.,.,37,
05/16/2024,48,Ozone,North HS,39-153-0026,AQS,48,13,45,,
05/17/2023,38,Ozone,PROCTOR MAPLE RESEARCH CTR,50-007-0007,AQS,0,38,.,23,
05/17/2024,40,Ozone,North HS,39-153-0026,AQS,40,12,33,,
05/18/2023,44,Ozone,PROCTOR MAPLE RESEARCH CTR,50-007-0007,AQS,0,44,4,25,
05/18/2024,61,Ozone,Lake Rockwell,39-133-1001,AQS,61,12,47,,
05/19/2023,54,Ozone,PROCTOR MAPLE RESEARCH CTR,50-007-0007,AQS,0,54,.,49,
05/19/2024,100,Ozone,North HS,39-153-0026,AQS,100,17,54,,
05/20/2023,42,Ozone,PROCTOR MAPLE RESEARCH CTR,50-007-0007,AQS,0,42,.,28,
05/20/2024,90,Ozone,Lake Rockwell,39-133-1001,AQS,90,19,48,,
05/21/2023,56,PM2.5,City of Burlington Parking Lot,50-007-0014,AQS,0,35,10,56,
05/21/2024,77,Ozone,Lake Rockwell,39-133-1001,AQS,77,18,53,,
05/22/2023,42,Ozone,PROCTOR MAPLE RESEARCH CTR,50-007-0007,AQS,0,42,.,24,
05/22/2024,44,PM2.5,East HS,39-153-0017,AQS,44,17,44,,
05/23/2023,55,PM2.5,PROCTOR MAPLE RESEARCH CTR,50-007-0007,AQS,0,48,.,55,
05/23/2024,74,Ozone,Lake Rockwell,39-133-1001,AQS,74,17,33,,
05/24/2023,43,PM2.5,City of Burlington Parking Lot,50-007-0014,AQS,0,37,10,43,
05/24/2024,105,Ozone,Lake Rockwell,39-133-1001,AQS,105,19,52,,
05/25/2023,35,Ozone,PROCTOR MAPLE RESEARCH CTR,50-007-0007,AQS,0,35,.,22,
05/25/2024,64,Ozone,North HS,39-153-0026,AQS,64,15,42,,
05/26/2023,43,Ozone,PROCTOR MAPLE RESEARCH CTR,50-007-0007,AQS,0,43,.,29,
05/26/2024,48,Ozone,Lake Rockwell,39-133-1001,AQS,48,14,42,,
05/27/2023,43,Ozone,PROCTOR MAPLE RESEARCH CTR,50-007-0007,AQS,0,43,6,38,
05/27/2024,44,Ozone,Lake Rockwell,39-133-1001,AQS,44,10,26,,
05/28/2023,54,Ozone,PROCTOR MAPLE RESEARCH CTR,50-007-0007,AQS,0,54,.,49,
05/28/2024,44,Ozone,Lake Rockwell,39-133-1001,AQS,44,7,21,,
05/29/2023,47,Ozone,PROCTOR MAPLE RESEARCH CTR,50-007-0007,AQS,0,47,.,42,
05/29/2024,34,Ozone,Lake Rockwell,39-133-1001,AQS,34,9,27,,
05/30/2023,54,Ozone,PROCTOR MAPLE RESEARCH CTR,50-007-0007,AQS,0,54,11,41,
05/30/2024,45,Ozone,Lake Rockwell,39-133-1001,AQS,45,9,28,,
05/31/2023,80,Ozone,PROCTOR MAPLE RESEARCH CTR,50-007-0007,AQS,0,80,.,62,
05/31/2024,87,Ozone,Lake Rockwell,39-133-1001,AQS,87,16,51,,
06/13/2023,51,PM2.5,City of Burlington Parking Lot,50-007-0014,AQS,0,51,.,51,
06/13/2024,90,Ozone,Lake Rockwell,39-133-1001,AQS,90,20,39,,
06/14/2023,41,PM2.5,PROCTOR MAPLE RESEARCH CTR,50-007-0007,AQS,0,39,8,41,
06/14/2024,54,Ozone,Lake Rockwell,39-133-1001,AQS,54,18,39,,
06/15/2023,41,PM2.5,PROCTOR MAPLE RESEARCH CTR,50-007-0007,AQS,0,40,.,41,
06/15/2024,37,Ozone,Lake Rockwell,39-133-1001,AQS,37,9,27,,
06/16/2023,63,PM2.5,PROCTOR MAPLE RESEARCH CTR,50-007-0007,AQS,1,41,.,63,
06/16/2024,61,Ozone,Lake Rockwell,39-133-1001,AQS,61,15,43,,
06/17/2023,61,PM2.5,City of Burlington Parking Lot,50-007-0014,AQS,0,29,6,61,
06/17/2024,58,PM2.5,East HS,39-153-0017,AQS,46,22,58,,
06/18/2023,23,PM2.5,City of Burlington Parking Lot,50-007-0014,AQS,0,18,.,23,
06/18/2024,55,PM2.5,East HS,39-153-0017,AQS,45,19,55,,
06/19/2023,31,Ozone,PROCTOR MAPLE RESEARCH CTR,50-007-0007,AQS,0,31,.,25,
06/19/2024,58,PM2.5,East HS,39-153-0017,AQS,50,22,58,,
06/20/2023,31,Ozone,PROCTOR MAPLE RESEARCH CTR,50-007-0007,AQS,0,31,6,30,
06/20/2024,71,Ozone,North HS,39-153-0026,AQS,71,24,64,,
06/21/2023,32,PM2.5,City of Burlington Parking Lot,50-007-0014,AQS,0,32,.,32,
06/21/2024,108,Ozone,Lake Rockwell,39-133-1001,AQS,108,25,62,,
06/22/2023,42,Ozone,PROCTOR MAPLE RESEARCH CTR,50-007-0007,AQS,0,42,.,27,
06/22/2024,93,Ozone,North HS,39-153-0026,AQS,93,25,62,,
06/23/2023,41,Ozone,PROCTOR MAPLE RESEARCH CTR,50-007-0007,AQS,0,41,6,27,
06/23/2024,44,PM2.5,East HS,39-153-0017,AQS,44,12,44,,
06/24/2023,23,Ozone,PROCTOR MAPLE RESEARCH CTR,50-007-0007,AQS,0,23,.,18,
06/24/2024,43,Ozone,North HS,39-153-0026,AQS,43,14,42,,
06/25/2023,160,PM2.5,City of Burlington Parking Lot,50-007-0014,AQS,8,32,.,160,
06/25/2024,50,Ozone,Lake Rockwell,39-133-1001,AQS,50,16,46,,
06/26/2023,135,PM2.5,City of Burlington Parking Lot,50-007-0014,AQS,7,39,17,135,
06/26/2024,39,Ozone,Lake Rockwell,39-133-1001,AQS,39,12,34,,
06/27/2023,45,Ozone,PROCTOR MAPLE RESEARCH CTR,50-007-0007,AQS,0,45,.,23,
06/27/2024,39,Ozone,North HS,39-153-0026,AQS,39,9,26,,
06/28/2023,44,Ozone,PROCTOR MAPLE RESEARCH CTR,50-007-0007,AQS,0,44,.,36,
06/28/2024,64,Ozone,North HS,39-153-0026,AQS,64,12,36,,
06/29/2023,62,PM2.5,PROCTOR MAPLE RESEARCH CTR,50-007-0007,AQS,.,12,15,62,
06/29/2024,56,PM2.5,East HS,39-153-0017,AQS,38,13,56,,
06/30/2023,79,PM2.5,City of Burlington Parking Lot,50-007-0014,AQS,2,51,.,79,
06/30/2024,32,Ozone,Lake Rockwell,39-133-1001,AQS,32,8,29,,
07/13/2023,54,Ozone,PROCTOR MAPLE RESEARCH CTR,50-007-0007,AQS,0,54,.,49,
07/13/2024,90,Ozone,North HS,39-153-0026,AQS,90,15,52,,
07/14/2023,37,Ozone,PROCTOR MAPLE RESEARCH CTR,50-007-0007,AQS,0,37,6,29,
07/14/2024,56,PM2.5,East HS,39-153-0017,AQS,51,16,56,,
07/15/2023,39,Ozone,PROCTOR MAPLE RESEARCH CTR,50-007-0007,AQS,0,39,.,32,
07/15/2024,71,Ozone,North HS,39-153-0026,AQS,71,14,37,,
07/16/2023,34,Ozone,PROCTOR MAPLE RESEARCH CTR,50-007-0007,AQS,0,34,.,28,
07/16/2024,74,Ozone,North HS,39-153-0026,AQS,74,14,37,,
07/17/2023,93,PM2.5,City of Burlington Parking Lot,50-007-0014,AQS,0,48,31,93,
07/17/2024,50,PM2.5,East HS,39-153-0017,AQS,44,16,50,,
07/18/2023,115,PM2.5,City of Burlington Parking Lot,50-007-0014,AQS,.,44,.,115,
07/18/2024,35,Ozone,North HS,39-153-0026,AQS,35,10,33,,
07/19/2023,64,PM2.5,City of Burlington Parking Lot,50-007-0014,AQS,.,31,.,64,
07/19/2024,47,Ozone,North HS,39-153-0026,AQS,47,10,26,,
07/20/2023,35,Ozone,PROCTOR MAPLE RESEARCH CTR,50-007-0007,AQS,.,35,6,34,
07/20/2024,93,Ozone,North HS,39-153-0026,AQS,93,13,47,,
07/21/2023,44,PM2.5,City of Burlington Parking Lot,50-007-0014,AQS,.,42,.,44,
07/21/2024,93,Ozone,North HS,39-153-0026,AQS,93,17,56,,
07/22/2023,31,PM2.5,City of Burlington Parking Lot,50-007-0014,AQS,.,30,.,31,
07/22/2024,54,PM2.5,East HS,39-153-0017,AQS,47,19,54,,
07/23/2023,48,PM2.5,City of Burlington Parking Lot,50-007-0014,AQS,.,30,9,48,
07/23/2024,64,Ozone,North HS,39-153-0026,AQS,64,19,57,,
07/24/2023,53,PM2.5,City of Burlington Parking Lot,50-007-0014,AQS,.,42,.,53,
07/24/2024,52,PM2.5,East HS,39-153-0017,AQS,48,16,52,,
07/25/2023,50,Ozone,PROCTOR MAPLE RESEARCH CTR,50-007-0007,AQS,.,50,.,49,
07/25/2024,50,PM2.5,East HS,39-153-0017,AQS,40,14,50,,
07/26/2023,68,PM2.5,PROCTOR MAPLE RESEARCH CTR,50-007-0007,AQS,.,46,20,68,
07/26/2024,44,Ozone,North HS,39-153-0026,AQS,44,12,35,,
07/27/2023,58,PM2.5,City of Burlington Parking Lot,50-007-0014,AQS,.,44,.,58,
07/27/2024,77,Ozone,North HS,39-153-0026,AQS,77,16,52,,
07/28/2023,56,PM2.5,PROCTOR MAPLE RESEARCH CTR,50-007-0007,AQS,0,35,.,56,
07/28/2024,90,Ozone,North HS,39-153-0026,AQS,90,19,57,,
07/29/2023,41,PM2.5,City of Burlington Parking Lot,50-007-0014,AQS,0,25,8,41,
07/29/2024,52,PM2.5,East HS,39-153-0017,AQS,33,16,52,,
07/30/2023,25,Ozone,PROCTOR MAPLE RESEARCH CTR,50-007-0007,AQS,0,25,.,24,
07/30/2024,42,Ozone,North HS,39-153-0026,AQS,42,11,33,,
07/31/2023,28,PM2.5,City of Burlington Parking Lot,50-007-0014,AQS,0,25,.,28,
07/31/2024,80,Ozone,North HS,39-153-0026,AQS,80,17,52,,
08/13/2023,35,Ozone,PROCTOR MAPLE RESEARCH CTR,50-007-0007,AQS,0,35,6,24,
08/13/2024,47,PM2.5,East HS,39-153-0017,AQS,42,15,47,,
08/14/2023,31,PM2.5,City of Burlington Parking Lot,50-007-0014,AQS,1,27,.,31,
08/14/2024,62,PM2.5,East HS,39-153-0017,AQS,46,25,62,,
08/15/2023,36,PM2.5,City of Burlington Parking Lot,50-007-0014,AQS,0,26,.,36,
08/15/2024,71,Ozone,North HS,39-153-0026,AQS,71,29,63,,
08/16/2023,23,PM2.5,City of Burlington Parking Lot,50-007-0014,AQS,0,21,6,23,
08/16/2024,56,PM2.5,East HS,39-153-0017,AQS,44,20,56,,
08/17/2023,36,Ozone,PROCTOR MAPLE RESEARCH CTR,50-007-0007,AQS,0,36,.,32,
08/17/2024,48,PM2.5,East HS,39-153-0017,AQS,45,15,48,,
08/18/2023,34,Ozone,PROCTOR MAPLE RESEARCH CTR,50-007-0007,AQS,.,34,.,26,
08/18/2024,38,Ozone,North HS,39-153-0026,AQS,38,9,31,,
08/19/2023,26,PM2.5,City of Burlington Parking Lot,50-007-0014,AQS,.,21,4,26,
08/19/2024,35,PM2.5,East HS,39-153-0017,AQS,29,11,35,,
08/20/2023,71,PM2.5,City of Burlington Parking Lot,50-007-0014,AQS,1,34,.,71,
08/20/2024,35,Ozone,North HS,39-153-0026,AQS,35,7,23,,
08/21/2023,60,PM2.5,City of Burlington Parking Lot,50-007-0014,AQS,0,28,.,60,
08/21/2024,36,PM2.5,East HS,39-153-0017,AQS,35,13,36,,
08/22/2023,48,PM2.5,City of Burlington Parking Lot,50-007-0014,AQS,0,31,10,48,
08/22/2024,46,PM2.5,East HS,39-153-0017,AQS,44,15,46,,
08/23/2023,38,PM2.5,City of Burlington Parking Lot,50-007-0014,AQS,0,33,.,38,
08/23/2024,77,Ozone,North HS,39-153-0026,AQS,77,18,50,,
08/24/2023,37,Ozone,PROCTOR MAPLE RESEARCH CTR,50-007-0007,AQS,0,37,.,34,
08/24/2024,97,Ozone,North HS,39-153-0026,AQS,97,23,57,,
08/25/2023,29,PM2.5,City of Burlington Parking Lot,50-007-0014,AQS,0,29,3,29,
08/25/2024,69,PM2.5,East HS,39-153-0017,AQS,50,22,69,,
08/26/2023,31,PM2.5,City of Burlington Parking Lot,50-007-0014,AQS,0,19,.,31,
08/26/2024,84,Ozone,Lake Rockwell,39-133-1001,AQS,84,23,59,,
08/27/2023,43,PM2.5,City of Burlington Parking Lot,50-007-0014,AQS,0,16,.,43,
08/27/2024,93,Ozone,North HS,39-153-0026,AQS,93,24,58,,
08/28/2023,44,PM2.5,City of Burlington Parking Lot,50-007-0014,AQS,0,33,9,44,
08/28/2024,67,Ozone,North HS,39-153-0026,AQS,67,15,41,,
08/29/2023,47,PM2.5,City of Burlington Parking Lot,50-007-0014,AQS,0,30,.,47,
08/29/2024,44,Ozone,North HS,39-153-0026,AQS,44,10,38,,
08/30/2023,35,Ozone,PROCTOR MAPLE RESEARCH CTR,50-007-0007,AQS,0,35,.,32,
08/30/2024,51,Ozone,Lake Rockwell,39-133-1001,AQS,51,16,37,,
08/31/2023,32,Ozone,PROCTOR MAPLE RESEARCH CTR,50-007-0007,AQS,0,32,6,23,
08/31/2024,51,PM2.5,East HS,39-153-0017,AQS,41,13,51,,
09/13/2023,31,Ozone,PROCTOR MAPLE RESEARCH CTR,50-007-0007,AQS,0,31,.,24,
09/13/2024,61,Ozone,Lake Rockwell,39-133-1001,AQS,61,15,40,,
09/14/2023,23,Ozone,PROCTOR MAPLE RESEARCH CTR,50-007-0007,AQS,0,23,.,18,
09/14/2024,49,Ozone,North HS,39-153-0026,AQS,49,13,38,,
09/15/2023,35,PM2.5,City of Burlington Parking Lot,50-007-0014,AQS,0,26,6,35,
09/15/2024,64,Ozone,North HS,39-153-0026,AQS,64,16,52,,
09/16/2023,42,PM2.5,City of Burlington Parking Lot,50-007-0014,AQS,0,27,.,42,
09/16/2024,48,Ozone,North HS,39-153-0026,AQS,48,16,41,,
09/17/2023,33,PM2.5,City of Burlington Parking Lot,50-007-0014,AQS,0,29,.,33,
09/17/2024,43,Ozone,North HS,39-153-0026,AQS,43,16,32,,
09/18/2023,32,Ozone,PROCTOR MAPLE RESEARCH CTR,50-007-0007,AQS,0,32,4,28,
09/18/2024,42,Ozone,Lake Rockwell,39-133-1001,AQS,42,14,34,,
09/19/2023,26,Ozone,PROCTOR MAPLE RESEARCH CTR,50-007-0007,AQS,0,26,.,23,
09/19/2024,43,Ozone,North HS,39-153-0026,AQS,43,10,28,,
09/20/2023,29,Ozone,PROCTOR MAPLE RESEARCH CTR,50-007-0007,AQS,0,29,.,24,
09/20/2024,51,Ozone,North HS,39-153-0026,AQS,51,21,46,,
09/21/2023,27,PM2.5,City of Burlington Parking Lot,50-007-0014,AQS,0,26,5,27,
09/21/2024,87,Ozone,North HS,39-153-0026,AQS,87,19,55,,
09/22/2023,36,PM2.5,City of Burlington Parking Lot,50-007-0014,AQS,0,26,.,36,
09/22/2024,61,Ozone,North HS,39-153-0026,AQS,61,25,56,,
09/23/2023,53,PM2.5,City of Burlington Parking Lot,50-007-0014,AQS,0,22,.,53,
09/23/2024,33,PM2.5,East HS,39-153-0017,AQS,30,10,33,,
09/24/2023,65,PM2.5,City of Burlington Parking Lot,50-007-0014,AQS,0,26,15,65,
09/24/2024,34,PM2.5,East HS,39-153-0017,AQS,30,10,34,,
09/25/2023,65,PM2.5,City of Burlington Parking Lot,50-007-0014,AQS,0,26,.,65,
09/25/2024,32,PM2.5,East HS,39-153-0017,AQS,28,12,32,,
09/26/2023,57,PM2.5,City of Burlington Parking Lot,50-007-0014,AQS,.,23,.,57,
09/26/2024,33,Ozone,Lake Rockwell,39-133-1001,AQS,33,9,26,,
09/27/2023,40,PM2.5,City of Burlington Parking Lot,50-007-0014,AQS,.,23,7,40,
09/27/2024,26,PM2.5,East HS,39-153-0017,AQS,23,10,26,,
09/28/2023,64,PM2.5,PROCTOR MAPLE RESEARCH CTR,50-007-0007,AQS,.,31,.,64,
09/28/2024,28,Ozone,North HS,39-153-0026,AQS,28,9,23,,
09/29/2023,82,PM2.5,PROCTOR MAPLE RESEARCH CTR,50-007-0007,AQS,0,27,.,82,
09/29/2024,21,Ozone,Lake Rockwell,39-133-1001,AQS,21,7,19,,
09/30/2023,78,PM2.5,City of Burlington Parking Lot,50-007-0014,AQS,1,38,19,78,
09/30/2024,21,PM2.5,East HS,39-153-0017,AQS,19,8,21,,
10/13/2023,23,Ozone,PROCTOR MAPLE RESEARCH CTR,50-007-0007,AQS,0,23,.,22,
10/13/2024,53,PM2.5,East HS,39-153-0017,AQS,32,20,53,,
10/14/2023,23,PM2.5,PROCTOR MAPLE RESEARCH CTR,50-007-0007,AQS,0,21,.,23,
10/14/2024,27,Ozone,Lake Rockwell,39-133-1001,AQS,27,5,13,,
10/15/2023,19,Ozone,PROCTOR MAPLE RESEARCH CTR,50-007-0007,AQS,0,19,3,17,
10/15/2024,25,Ozone,Lake Rockwell,39-133-1001,AQS,25,3,12,,
10/16/2023,19,PM2.5,City of Burlington Parking Lot,50-007-0014,AQS,0,19,.,19,
10/16/2024,24,Ozone,Lake Rockwell,39-133-1001,AQS,24,4,12,,
10/17/2023,29,PM2.5,City of Burlington Parking Lot,50-007-0014,AQS,0,17,.,29,
10/17/2024,32,PM2.5,East HS,39-153-0017,AQS,31,11,32,,
10/18/2023,30,Ozone,PROCTOR MAPLE RESEARCH CTR,50-007-0007,AQS,0,30,4,24,
10/18/2024,56,PM2.5,East HS,39-153-0017,AQS,39,19,56,,
10/19/2023,35,Ozone,PROCTOR MAPLE RESEARCH CTR,50-007-0007,AQS,0,35,.,27,
10/19/2024,65,PM2.5,East HS,39-153-0017,AQS,42,23,65,,
10/20/2023,35,Ozone,PROCTOR MAPLE RESEARCH CTR,50-007-0007,AQS,0,35,.,25,
10/20/2024,70,PM2.5,East HS,39-153-0017,AQS,51,29,70,,
10/21/2023,37,Ozone,PROCTOR MAPLE RESEARCH CTR,50-007-0007,AQS,0,37,2,14,
10/21/2024,54,Ozone,Lake Rockwell,39-133-1001,AQS,54,25,53,,
10/22/2023,17,Ozone,PROCTOR MAPLE RESEARCH CTR,50-007-0007,AQS,0,17,.,7,
10/22/2024,58,Ozone,Lake Rockwell,39-133-1001,AQS,58,25,53,,
10/23/2023,19,Ozone,PROCTOR MAPLE RESEARCH CTR,50-007-0007,AQS,0,19,.,12,
10/23/2024,48,Ozone,Lake Rockwell,39-133-1001,AQS,48,21,46,,
10/24/2023,31,Ozone,PROCTOR MAPLE RESEARCH CTR,50-007-0007,AQS,0,31,3,20,
10/24/2024,29,Ozone,Lake Rockwell,39-133-1001,AQS,29,7,18,,
10/25/2023,39,Ozone,PROCTOR MAPLE RESEARCH CTR,50-007-0007,AQS,0,39,.,35,
10/25/2024,35,Ozone,Lake Rockwell,39-133-1001,AQS,35,14,34,,
10/26/2023,52,PM2.5,City of Burlington Parking Lot,50-007-0014,AQS,0,41,.,52,
10/26/2024,47,PM2.5,East HS,39-153-0017,AQS,37,12,47,,
10/27/2023,54,PM2.5,City of Burlington Parking Lot,50-007-0014,AQS,0,40,13,54,
10/27/2024,57,PM2.5,East HS,39-153-0017,AQS,34,15,57,,
10/28/2023,33,Ozone,PROCTOR MAPLE RESEARCH CTR,50-007-0007,AQS,0,33,.,28,
10/28/2024,52,PM2.5,East HS,39-153-0017,AQS,39,22,52,,
10/29/2023,19,Ozone,PROCTOR MAPLE RESEARCH CTR,50-007-0007,AQS,0,19,.,15,
10/29/2024,56,PM2.5,East HS,39-153-0017,AQS,43,21,56,,
10/30/2023,25,Ozone,PROCTOR MAPLE RESEARCH CTR,50-007-0007,AQS,0,25,2,17,
10/30/2024,58,PM2.5,East HS,39-153-0017,AQS,44,21,58,,
10/31/2023,28,Ozone,PROCTOR MAPLE RESEARCH CTR,50-007-0007,AQS,0,28,.,20,
10/31/2024,36,Ozone,Lake Rockwell,39-133-1001,AQS,36,16,31,,
11/13/2023,39,PM2.5,City of Burlington Parking Lot,50-007-0014,AQS,0,31,.,39,
11/13/2024,17,PM2.5,East HS,39-153-0017,AQS,.,7,17,,
11/14/2023,53,PM2.5,City of Burlington Parking Lot,50-007-0014,AQS,0,25,6,53,
11/14/2024,26,PM2.5,East HS,39-153-0017,AQS,.,7,26,,
11/15/2023,39,PM2.5,City of Burlington Parking Lot,50-007-0014,AQS,0,28,.,39,
11/15/2024,44,PM2.5,East HS,39-153-0017,AQS,.,10,44,,
11/16/2023,53,PM2.5,City of Burlington Parking Lot,50-007-0014,AQS,0,44,.,53,
11/16/2024,31,PM2.5,East HS,39-153-0017,AQS,.,7,31,,
11/17/2023,60,PM2.5,City of Burlington Parking Lot,50-007-0014,AQS,0,49,13,60,
11/17/2024,50,PM2.5,East HS,39-153-0017,AQS,.,12,50,,
11/18/2023,29,Ozone,PROCTOR MAPLE RESEARCH CTR,50-007-0007,AQS,0,29,.,18,
11/18/2024,63,PM2.5,East HS,39-153-0017,AQS,.,21,63,,
11/19/2023,29,Ozone,PROCTOR MAPLE RESEARCH CTR,50-007-0007,AQS,0,29,.,18,
11/19/2024,59,PM2.5,East HS,39-153-0017,AQS,.,19,59,,
11/20/2023,30,Ozone,PROCTOR MAPLE RESEARCH CTR,50-007-0007,AQS,.,30,2,20,
11/20/2024,36,PM2.5,East HS,39-153-0017,AQS,.,9,36,,
11/21/2023,32,Ozone,PROCTOR MAPLE RESEARCH CTR,50-007-0007,AQS,0,32,.,24,
11/21/2024,20,PM2.5,East HS,39-153-0017,AQS,.,6,20,,
11/22/2023,33,Ozone,PROCTOR MAPLE RESEARCH CTR,50-007-0007,AQS,.,33,.,23,
11/22/2024,21,PM2.5,East HS,39-153-0017,AQS,.,5,21,,
11/23/2023,27,Ozone,PROCTOR MAPLE RESEARCH CTR,50-007-0007,AQS,0,27,2,22,
11/23/2024,11,PM2.5,East HS,39-153-0017,AQS,.,3,11,,
11/24/2023,34,Ozone,PROCTOR MAPLE RESEARCH CTR,50-007-0007,AQS,0,34,.,15,
11/24/2024,52,PM2.5,East HS,39-153-0017,AQS,.,13,52,,
11/25/2023,34,Ozone,PROCTOR MAPLE RESEARCH CTR,50-007-0007,AQS,0,34,.,21,
11/25/2024,49,PM2.5,East HS,39-153-0017,AQS,.,14,49,,
11/26/2023,36,Ozone,PROCTOR MAPLE RESEARCH CTR,50-007-0007,AQS,0,36,5,33,
11/26/2024,32,PM2.5,East HS,39-153-0017,AQS,.,8,32,,
11/27/2023,34,Ozone,PROCTOR MAPLE RESEARCH CTR,50-007-0007,AQS,0,34,.,17,
11/27/2024,34,PM2.5,East HS,39-153-0017,AQS,.,11,34,,
11/28/2023,32,Ozone,PROCTOR MAPLE RESEARCH CTR,50-007-0007,AQS,0,32,.,14,
11/28/2024,31,PM2.5,East HS,39-153-0017,AQS,.,6,31,,
11/29/2023,32,Ozone,PROCTOR MAPLE RESEARCH CTR,50-007-0007,AQS,0,32,.,21,
11/29/2024,38,PM2.5,East HS,39-153-0017,AQS,.,10,38,,
11/30/2023,53,PM2.5,City of Burlington Parking Lot,50-007-0014,AQS,0,36,.,53,
11/30/2024,42,PM2.5,East HS,39-153-0017,AQS,.,12,42,,
12/13/2023,38,Ozone,PROCTOR MAPLE RESEARCH CTR,50-007-0007,AQS,.,38,.,16,
12/13/2024,36,PM2.5,East HS,39-153-0017,AQS,.,18,36,,
12/14/2023,37,Ozone,PROCTOR MAPLE RESEARCH CTR,50-007-0007,AQS,.,37,2,20,
12/14/2024,59,PM2.5,East HS,39-153-0017,AQS,.,16,59,,
12/15/2023,57,PM2.5,City of Burlington Parking Lot,50-007-0014,AQS,.,34,.,57,
12/15/2024,45,PM2.5,East HS,39-153-0017,AQS,.,11,45,,
12/16/2023,49,PM2.5,City of Burlington Parking Lot,50-007-0014,AQS,.,37,.,49,
12/16/2024,26,PM2.5,East HS,39-153-0017,AQS,.,7,26,,
12/17/2023,39,Ozone,PROCTOR MAPLE RESEARCH CTR,50-007-0007,AQS,.,39,3,32,
12/17/2024,43,PM2.5,East HS,39-153-0017,AQS,.,12,43,,
12/18/2023,42,Ozone,PROCTOR MAPLE RESEARCH CTR,50-007-0007,AQS,.,42,.,13,
12/18/2024,62,PM2.5,East HS,39-153-0017,AQS,.,19,62,,
12/19/2023,34,Ozone,PROCTOR MAPLE RESEARCH CTR,50-007-0007,AQS,.,34,.,11,
12/19/2024,43,PM2.5,East HS,39-153-0017,AQS,.,10,43,,
12/20/2023,32,Ozone,PROCTOR MAPLE RESEARCH CTR,50-007-0007,AQS,.,32,5,30,
12/20/2024,56,PM2.5,East HS,39-153-0017,AQS,.,12,56,,
12/21/2023,33,Ozone,PROCTOR MAPLE RESEARCH CTR,50-007-0007,AQS,.,33,.,16,
12/21/2024,12,PM2.5,East HS,39-153-0017,AQS,.,4,12,,
12/22/2023,34,Ozone,PROCTOR MAPLE RESEARCH CTR,50-007-0007,AQS,.,34,.,27,
12/22/2024,34,PM2.5,East HS,39-153-0017,AQS,.,14,34,,
12/23/2023,51,PM2.5,City of Burlington Parking Lot,50-007-0014,AQS,.,36,9,51,
12/23/2024,43,PM2.5,East HS,39-153-0017,AQS,.,16,43,,
12/24/2023,55,PM2.5,City of Burlington Parking Lot,50-007-0014,AQS,.,29,.,55,
12/24/2024,57,PM2.5,East HS,39-153-0017,AQS,.,14,57,,
12/25/2023,59,PM2.5,City of Burlington Parking Lot,50-007-0014,AQS,.,33,.,59,
12/25/2024,62,PM2.5,East HS,39-153-0017,AQS,.,18,62,,
12/26/2023,48,PM2.5,City of Burlington Parking Lot,50-007-0014,AQS,.,37,6,48,
12/26/2024,52,PM2.5,East HS,39-153-0017,AQS,.,13,52,,
12/27/2023,55,PM2.5,City of Burlington Parking Lot,50-007-0014,AQS,.,34,.,55,
12/27/2024,55,PM2.5,East HS,39-153-0017,AQS,.,18,55,,
12/28/2023,43,PM2.5,City of Burlington Parking Lot,50-007-0014,AQS,.,21,.,43,
12/28/2024,31,PM2.5,East HS,39-153-0017,AQS,.,9,31,,
12/29/2023,22,PM2.5,City of Burlington Parking Lot,50-007-0014,AQS,.,18,0,22,
12/29/2024,22,PM2.5,East HS,39-153-0017,AQS,.,6,22,,
12/30/2023,28,Ozone,PROCTOR MAPLE RESEARCH CTR,50-007-0007,AQS,.,28,.,18,
12/30/2024,24,PM2.5,East HS,39-153-0017,AQS,.,6,24,,
12/31/2023,30,Ozone,PROCTOR MAPLE RESEARCH CTR,50-007-0007,AQS,.,30,.,20,
12/31/2024,32,PM2.5,East HS,39-153-0017,AQS,.,8,32,,